module,callable,source_path,line,exported,pod_named,family,disposition,profile,scenario_ids,status
Date::Manip::Base,_init,lib/Date/Manip/Base.pm,37,no,no,CALENDAR,indirect-behavior-review,dm6-reference,,discovered-not-specified
Date::Manip::Base,_init_cache,lib/Date/Manip/Base.pm,52,no,no,CALENDAR,indirect-behavior-review,dm6-reference,,discovered-not-specified
Date::Manip::Base,_init_data,lib/Date/Manip/Base.pm,69,no,no,CALENDAR,indirect-behavior-review,dm6-reference,,discovered-not-specified
Date::Manip::Base,_init_config,lib/Date/Manip/Base.pm,79,no,no,CALENDAR,indirect-behavior-review,dm6-reference,,discovered-not-specified
Date::Manip::Base,_calc_workweek,lib/Date/Manip/Base.pm,236,no,no,CALENDAR,indirect-behavior-review,dm6-reference,,discovered-not-specified
Date::Manip::Base,_calc_bdlength,lib/Date/Manip/Base.pm,247,no,no,CALENDAR,indirect-behavior-review,dm6-reference,,discovered-not-specified
Date::Manip::Base,_init_business_length,lib/Date/Manip/Base.pm,259,no,no,CALENDAR,indirect-behavior-review,dm6-reference,,discovered-not-specified
Date::Manip::Base,_init_events,lib/Date/Manip/Base.pm,278,no,no,CALENDAR,indirect-behavior-review,dm6-reference,,discovered-not-specified
Date::Manip::Base,_init_holidays,lib/Date/Manip/Base.pm,313,no,no,CALENDAR,indirect-behavior-review,dm6-reference,,discovered-not-specified
Date::Manip::Base,_init_now,lib/Date/Manip/Base.pm,338,no,no,CALENDAR,indirect-behavior-review,dm6-reference,,discovered-not-specified
Date::Manip::Base,_init_language,lib/Date/Manip/Base.pm,368,no,no,CALENDAR,indirect-behavior-review,dm6-reference,,discovered-not-specified
Date::Manip::Base,days_since_1BC,lib/Date/Manip/Base.pm,387,no,yes,CALENDAR,public-candidate,dm6-reference,,discovered-not-specified
Date::Manip::Base,day_of_week,lib/Date/Manip/Base.pm,415,no,yes,CALENDAR,public-candidate,dm6-reference,,discovered-not-specified
Date::Manip::Base,leapyear,lib/Date/Manip/Base.pm,427,no,yes,CALENDAR,public-candidate,dm6-reference,,discovered-not-specified
Date::Manip::Base,days_in_year,lib/Date/Manip/Base.pm,434,no,yes,CALENDAR,public-candidate,dm6-reference,,discovered-not-specified
Date::Manip::Base,days_in_month,lib/Date/Manip/Base.pm,442,no,yes,CALENDAR,public-candidate,dm6-reference,,discovered-not-specified
Date::Manip::Base,day_of_year,lib/Date/Manip/Base.pm,463,no,yes,CALENDAR,public-candidate,dm6-reference,,discovered-not-specified
Date::Manip::Base,nth_day_of_week,lib/Date/Manip/Base.pm,513,no,yes,CALENDAR,public-candidate,dm6-reference,,discovered-not-specified
Date::Manip::Base,secs_since_1970,lib/Date/Manip/Base.pm,576,no,yes,EPOCH,public-candidate,dm6-reference,,discovered-not-specified
Date::Manip::Base,check,lib/Date/Manip/Base.pm,602,no,yes,CALENDAR,public-candidate,dm6-reference,,discovered-not-specified
Date::Manip::Base,check_time,lib/Date/Manip/Base.pm,616,no,yes,CALENDAR,public-candidate,dm6-reference,,discovered-not-specified
Date::Manip::Base,week1_day1,lib/Date/Manip/Base.pm,626,no,yes,CALENDAR,public-candidate,dm6-reference,,discovered-not-specified
Date::Manip::Base,_week1_day1,lib/Date/Manip/Base.pm,632,no,no,CALENDAR,indirect-behavior-review,dm6-reference,,discovered-not-specified
Date::Manip::Base,weeks_in_year,lib/Date/Manip/Base.pm,684,no,yes,CALENDAR,public-candidate,dm6-reference,,discovered-not-specified
Date::Manip::Base,week_of_year,lib/Date/Manip/Base.pm,713,no,yes,CALENDAR,public-candidate,dm6-reference,,discovered-not-specified
Date::Manip::Base,_week_of_year,lib/Date/Manip/Base.pm,720,no,no,CALENDAR,indirect-behavior-review,dm6-reference,,discovered-not-specified
Date::Manip::Base,calc_date_date,lib/Date/Manip/Base.pm,771,no,yes,ARITH,public-candidate,dm6-reference,,discovered-not-specified
Date::Manip::Base,calc_date_days,lib/Date/Manip/Base.pm,823,no,yes,ARITH,public-candidate,dm6-reference,,discovered-not-specified
Date::Manip::Base,calc_date_delta,lib/Date/Manip/Base.pm,840,no,yes,ARITH,public-candidate,dm6-reference,,discovered-not-specified
Date::Manip::Base,calc_date_time,lib/Date/Manip/Base.pm,851,no,yes,ARITH,public-candidate,dm6-reference,,discovered-not-specified
Date::Manip::Base,_calc_date_time_strings,lib/Date/Manip/Base.pm,907,no,no,CALENDAR,indirect-behavior-review,dm6-reference,,discovered-not-specified
Date::Manip::Base,_calc_date_ymwd,lib/Date/Manip/Base.pm,918,no,no,CALENDAR,indirect-behavior-review,dm6-reference,,discovered-not-specified
Date::Manip::Base,_calc_hms_hms,lib/Date/Manip/Base.pm,953,no,no,CALENDAR,indirect-behavior-review,dm6-reference,,discovered-not-specified
Date::Manip::Base,calc_time_time,lib/Date/Manip/Base.pm,965,no,yes,ARITH,public-candidate,dm6-reference,,discovered-not-specified
Date::Manip::Base,cmp,lib/Date/Manip/Base.pm,988,no,yes,COMPARE,public-candidate,dm6-reference,,discovered-not-specified
Date::Manip::Base,_os,lib/Date/Manip/Base.pm,1001,no,no,CALENDAR,indirect-behavior-review,dm6-reference,,discovered-not-specified
Date::Manip::Base,_section,lib/Date/Manip/Base.pm,1041,no,no,CALENDAR,indirect-behavior-review,dm6-reference,,discovered-not-specified
Date::Manip::Base,_config_var_base,lib/Date/Manip/Base.pm,1070,no,no,CALENDAR,indirect-behavior-review,dm6-reference,,discovered-not-specified
Date::Manip::Base,_config_var_encoding,lib/Date/Manip/Base.pm,1191,no,no,CALENDAR,indirect-behavior-review,dm6-reference,,discovered-not-specified
Date::Manip::Base,_config_var_recurrange,lib/Date/Manip/Base.pm,1249,no,no,CALENDAR,indirect-behavior-review,dm6-reference,,discovered-not-specified
Date::Manip::Base,_config_var_workweekbeg,lib/Date/Manip/Base.pm,1261,no,no,CALENDAR,indirect-behavior-review,dm6-reference,,discovered-not-specified
Date::Manip::Base,_config_var_workweekend,lib/Date/Manip/Base.pm,1278,no,no,CALENDAR,indirect-behavior-review,dm6-reference,,discovered-not-specified
Date::Manip::Base,_config_var_workday24hr,lib/Date/Manip/Base.pm,1295,no,no,CALENDAR,indirect-behavior-review,dm6-reference,,discovered-not-specified
Date::Manip::Base,_config_var_workdaybegend,lib/Date/Manip/Base.pm,1311,no,no,CALENDAR,indirect-behavior-review,dm6-reference,,discovered-not-specified
Date::Manip::Base,_config_var_firstday,lib/Date/Manip/Base.pm,1346,no,no,CALENDAR,indirect-behavior-review,dm6-reference,,discovered-not-specified
Date::Manip::Base,_config_var_week1ofyear,lib/Date/Manip/Base.pm,1357,no,no,CALENDAR,indirect-behavior-review,dm6-reference,,discovered-not-specified
Date::Manip::Base,_config_var_defaulttime,lib/Date/Manip/Base.pm,1370,no,no,CALENDAR,indirect-behavior-review,dm6-reference,,discovered-not-specified
Date::Manip::Base,_config_var_format_mmmyyyy,lib/Date/Manip/Base.pm,1381,no,no,CALENDAR,indirect-behavior-review,dm6-reference,,discovered-not-specified
Date::Manip::Base,_language,lib/Date/Manip/Base.pm,1400,no,no,CALENDAR,indirect-behavior-review,dm6-reference,,discovered-not-specified
Date::Manip::Base,_rx_simple,lib/Date/Manip/Base.pm,1477,no,no,CALENDAR,indirect-behavior-review,dm6-reference,,discovered-not-specified
Date::Manip::Base,_qe_quote,lib/Date/Manip/Base.pm,1496,no,no,CALENDAR,indirect-behavior-review,dm6-reference,,discovered-not-specified
Date::Manip::Base,_rx_wordlist,lib/Date/Manip/Base.pm,1511,no,no,CALENDAR,indirect-behavior-review,dm6-reference,,discovered-not-specified
Date::Manip::Base,_sortByLength,lib/Date/Manip/Base.pm,1535,no,no,CALENDAR,indirect-behavior-review,dm6-reference,,discovered-not-specified
Date::Manip::Base,_rx_replace,lib/Date/Manip/Base.pm,1545,no,no,CALENDAR,indirect-behavior-review,dm6-reference,,discovered-not-specified
Date::Manip::Base,_rx_wordlists,lib/Date/Manip/Base.pm,1576,no,no,CALENDAR,indirect-behavior-review,dm6-reference,,discovered-not-specified
Date::Manip::Base,_method,lib/Date/Manip/Base.pm,1620,no,no,CALENDAR,indirect-behavior-review,dm6-reference,,discovered-not-specified
Date::Manip::Base,_mod_add,lib/Date/Manip/Base.pm,1641,no,no,CALENDAR,indirect-behavior-review,dm6-reference,,discovered-not-specified
Date::Manip::Base,_is_int,lib/Date/Manip/Base.pm,1674,no,no,CALENDAR,indirect-behavior-review,dm6-reference,,discovered-not-specified
Date::Manip::Base,_is_num,lib/Date/Manip/Base.pm,1687,no,no,CALENDAR,indirect-behavior-review,dm6-reference,,discovered-not-specified
Date::Manip::Base,split,lib/Date/Manip/Base.pm,1700,no,yes,FIELDS,public-candidate,dm6-reference,,discovered-not-specified
Date::Manip::Base,join,lib/Date/Manip/Base.pm,1789,no,yes,FIELDS,public-candidate,dm6-reference,,discovered-not-specified
Date::Manip::Base,_split_delta,lib/Date/Manip/Base.pm,1858,no,no,CALENDAR,indirect-behavior-review,dm6-reference,,discovered-not-specified
Date::Manip::Base,_check_delta_type,lib/Date/Manip/Base.pm,1886,no,no,CALENDAR,indirect-behavior-review,dm6-reference,,discovered-not-specified
Date::Manip::Base,_delta_fields,lib/Date/Manip/Base.pm,1987,no,no,CALENDAR,indirect-behavior-review,dm6-reference,,discovered-not-specified
Date::Manip::Base,_sign_source,lib/Date/Manip/Base.pm,2084,no,no,CALENDAR,indirect-behavior-review,dm6-reference,,discovered-not-specified
Date::Manip::Base,_sign_fields,lib/Date/Manip/Base.pm,2119,no,no,CALENDAR,indirect-behavior-review,dm6-reference,,discovered-not-specified
Date::Manip::Base,_time_fields,lib/Date/Manip/Base.pm,2160,no,no,CALENDAR,indirect-behavior-review,dm6-reference,,discovered-not-specified
Date::Manip::Base,_hms_fields,lib/Date/Manip/Base.pm,2221,no,no,CALENDAR,indirect-behavior-review,dm6-reference,,discovered-not-specified
Date::Manip::Base,_offset_fields,lib/Date/Manip/Base.pm,2279,no,no,CALENDAR,indirect-behavior-review,dm6-reference,,discovered-not-specified
Date::Manip::Base,_date_fields,lib/Date/Manip/Base.pm,2387,no,no,CALENDAR,indirect-behavior-review,dm6-reference,,discovered-not-specified
Date::Manip::Base,_delta_convert,lib/Date/Manip/Base.pm,2410,no,no,CALENDAR,indirect-behavior-review,dm6-reference,,discovered-not-specified
Date::Manip::Base,__normalize_ym,lib/Date/Manip/Base.pm,2420,no,no,CALENDAR,indirect-behavior-review,dm6-reference,,discovered-not-specified
Date::Manip::Base,__normalize_wd,lib/Date/Manip/Base.pm,2439,no,no,CALENDAR,indirect-behavior-review,dm6-reference,,discovered-not-specified
Date::Manip::Base,__normalize_hms,lib/Date/Manip/Base.pm,2450,no,no,CALENDAR,indirect-behavior-review,dm6-reference,,discovered-not-specified
Date::Manip::Base,_normalize_est,lib/Date/Manip/Base.pm,2463,no,no,CALENDAR,indirect-behavior-review,dm6-reference,,discovered-not-specified
Date::Manip::Base,_normalize_bus_est,lib/Date/Manip/Base.pm,2483,no,no,CALENDAR,indirect-behavior-review,dm6-reference,,discovered-not-specified
Date::Manip::Base,_normalize_approx,lib/Date/Manip/Base.pm,2505,no,no,CALENDAR,indirect-behavior-review,dm6-reference,,discovered-not-specified
Date::Manip::Base,_normalize_bus_approx,lib/Date/Manip/Base.pm,2519,no,no,CALENDAR,indirect-behavior-review,dm6-reference,,discovered-not-specified
Date::Manip::Base,_normalize_exact,lib/Date/Manip/Base.pm,2534,no,no,CALENDAR,indirect-behavior-review,dm6-reference,,discovered-not-specified
Date::Manip::Base,_normalize_bus_exact,lib/Date/Manip/Base.pm,2544,no,no,CALENDAR,indirect-behavior-review,dm6-reference,,discovered-not-specified
Date::Manip::Base,_critical_date,lib/Date/Manip/Base.pm,2597,no,no,CALENDAR,indirect-behavior-review,dm6-reference,,discovered-not-specified
Date::Manip::Base,_encoding,lib/Date/Manip/Base.pm,2663,no,no,CALENDAR,indirect-behavior-review,dm6-reference,,discovered-not-specified
Date::Manip::DM5,_sortByLength,lib/Date/Manip/DM5.pm,255,no,no,LEGACY,indirect-behavior-review,dm5-compatibility,,discovered-not-specified
Date::Manip::DM5,DateManipVersion,lib/Date/Manip/DM5.pm,260,yes,yes,META,public-candidate,dm5-compatibility,,discovered-not-specified
Date::Manip::DM5,Date_Init,lib/Date/Manip/DM5.pm,265,yes,yes,CONFIG,public-candidate,dm5-compatibility,,discovered-not-specified
Date::Manip::DM5,ParseDateString,lib/Date/Manip/DM5.pm,692,yes,yes,PARSE,public-candidate,dm5-compatibility,,discovered-not-specified
Date::Manip::DM5,ParseDate,lib/Date/Manip/DM5.pm,1346,yes,yes,PARSE,public-candidate,dm5-compatibility,,discovered-not-specified
Date::Manip::DM5,Date_Cmp,lib/Date/Manip/DM5.pm,1394,yes,yes,COMPARE,public-candidate,dm5-compatibility,,discovered-not-specified
Date::Manip::DM5,DateCalc,lib/Date/Manip/DM5.pm,1404,yes,yes,ARITH,public-candidate,dm5-compatibility,,discovered-not-specified
Date::Manip::DM5,ParseDateDelta,lib/Date/Manip/DM5.pm,1489,yes,yes,DELTA,public-candidate,dm5-compatibility,,discovered-not-specified
Date::Manip::DM5,UnixDate,lib/Date/Manip/DM5.pm,1688,yes,yes,FORMAT,public-candidate,dm5-compatibility,,discovered-not-specified
Date::Manip::DM5,Delta_Format,lib/Date/Manip/DM5.pm,1868,yes,yes,DELTA,public-candidate,dm5-compatibility,,discovered-not-specified
Date::Manip::DM5,ParseRecur,lib/Date/Manip/DM5.pm,2011,yes,yes,RECUR,public-candidate,dm5-compatibility,,discovered-not-specified
Date::Manip::DM5,Date_GetPrev,lib/Date/Manip/DM5.pm,2877,yes,yes,NAVIGATE,public-candidate,dm5-compatibility,,discovered-not-specified
Date::Manip::DM5,Date_GetNext,lib/Date/Manip/DM5.pm,2942,yes,yes,NAVIGATE,public-candidate,dm5-compatibility,,discovered-not-specified
Date::Manip::DM5,Date_IsHoliday,lib/Date/Manip/DM5.pm,3008,yes,yes,BUSINESS,public-candidate,dm5-compatibility,,discovered-not-specified
Date::Manip::DM5,Events_List,lib/Date/Manip/DM5.pm,3025,yes,yes,EVENTS,public-candidate,dm5-compatibility,,discovered-not-specified
Date::Manip::DM5,Date_SetTime,lib/Date/Manip/DM5.pm,3100,yes,yes,FIELDS,public-candidate,dm5-compatibility,,discovered-not-specified
Date::Manip::DM5,Date_SetDateField,lib/Date/Manip/DM5.pm,3119,yes,yes,FIELDS,public-candidate,dm5-compatibility,,discovered-not-specified
Date::Manip::DM5,Date_DaysInMonth,lib/Date/Manip/DM5.pm,3166,yes,yes,CALENDAR,public-candidate,dm5-compatibility,,discovered-not-specified
Date::Manip::DM5,Date_DayOfWeek,lib/Date/Manip/DM5.pm,3175,yes,yes,CALENDAR,public-candidate,dm5-compatibility,,discovered-not-specified
Date::Manip::DM5,Date_SecsSince1970,lib/Date/Manip/DM5.pm,3189,yes,yes,EPOCH,public-candidate,dm5-compatibility,,discovered-not-specified
Date::Manip::DM5,Date_SecsSince1970GMT,lib/Date/Manip/DM5.pm,3200,yes,yes,EPOCH,public-candidate,dm5-compatibility,,discovered-not-specified
Date::Manip::DM5,Date_DaysSince1BC,lib/Date/Manip/DM5.pm,3221,yes,yes,CALENDAR,public-candidate,dm5-compatibility,,discovered-not-specified
Date::Manip::DM5,Date_DayOfYear,lib/Date/Manip/DM5.pm,3253,yes,yes,CALENDAR,public-candidate,dm5-compatibility,,discovered-not-specified
Date::Manip::DM5,Date_DaysInYear,lib/Date/Manip/DM5.pm,3264,yes,yes,CALENDAR,public-candidate,dm5-compatibility,,discovered-not-specified
Date::Manip::DM5,Date_WeekOfYear,lib/Date/Manip/DM5.pm,3272,yes,yes,CALENDAR,public-candidate,dm5-compatibility,,discovered-not-specified
Date::Manip::DM5,Date_LeapYear,lib/Date/Manip/DM5.pm,3297,yes,yes,CALENDAR,public-candidate,dm5-compatibility,,discovered-not-specified
Date::Manip::DM5,Date_DaySuffix,lib/Date/Manip/DM5.pm,3307,yes,yes,FORMAT,public-candidate,dm5-compatibility,,discovered-not-specified
Date::Manip::DM5,Date_ConvTZ,lib/Date/Manip/DM5.pm,3314,yes,yes,ZONE,public-candidate,dm5-compatibility,,discovered-not-specified
Date::Manip::DM5,Date_TimeZone,lib/Date/Manip/DM5.pm,3418,yes,yes,ZONE,public-candidate,dm5-compatibility,,discovered-not-specified
Date::Manip::DM5,Date_IsWorkDay,lib/Date/Manip/DM5.pm,3571,yes,yes,BUSINESS,public-candidate,dm5-compatibility,,discovered-not-specified
Date::Manip::DM5,Date_NextWorkDay,lib/Date/Manip/DM5.pm,3607,yes,yes,BUSINESS,public-candidate,dm5-compatibility,,discovered-not-specified
Date::Manip::DM5,Date_PrevWorkDay,lib/Date/Manip/DM5.pm,3649,yes,yes,BUSINESS,public-candidate,dm5-compatibility,,discovered-not-specified
Date::Manip::DM5,Date_NearestWorkDay,lib/Date/Manip/DM5.pm,3683,yes,yes,BUSINESS,public-candidate,dm5-compatibility,,discovered-not-specified
Date::Manip::DM5,Date_NthDayOfYear,lib/Date/Manip/DM5.pm,3713,yes,yes,CALENDAR,public-candidate,dm5-compatibility,,discovered-not-specified
Date::Manip::DM5,_Date_InitHash,lib/Date/Manip/DM5.pm,3772,no,no,LEGACY,indirect-behavior-review,dm5-compatibility,,discovered-not-specified
Date::Manip::DM5,_Date_InitLists,lib/Date/Manip/DM5.pm,3834,no,no,LEGACY,indirect-behavior-review,dm5-compatibility,,discovered-not-specified
Date::Manip::DM5,_Date_InitStrings,lib/Date/Manip/DM5.pm,3916,no,no,LEGACY,indirect-behavior-review,dm5-compatibility,,discovered-not-specified
Date::Manip::DM5,_Date_Regexp,lib/Date/Manip/DM5.pm,4017,no,no,LEGACY,indirect-behavior-review,dm5-compatibility,,discovered-not-specified
Date::Manip::DM5,_Delta_Normalize,lib/Date/Manip/DM5.pm,4103,no,no,LEGACY,indirect-behavior-review,dm5-compatibility,,discovered-not-specified
Date::Manip::DM5,_Delta_Split,lib/Date/Manip/DM5.pm,4207,no,no,LEGACY,indirect-behavior-review,dm5-compatibility,,discovered-not-specified
Date::Manip::DM5,_Date_ParseTime,lib/Date/Manip/DM5.pm,4225,no,no,LEGACY,indirect-behavior-review,dm5-compatibility,,discovered-not-specified
Date::Manip::DM5,_Date_Join,lib/Date/Manip/DM5.pm,4244,no,no,LEGACY,indirect-behavior-review,dm5-compatibility,,discovered-not-specified
Date::Manip::DM5,_CheckTime,lib/Date/Manip/DM5.pm,4278,no,no,LEGACY,indirect-behavior-review,dm5-compatibility,,discovered-not-specified
Date::Manip::DM5,_Recur_Split,lib/Date/Manip/DM5.pm,4310,no,no,LEGACY,indirect-behavior-review,dm5-compatibility,,discovered-not-specified
Date::Manip::DM5,_Date_Split,lib/Date/Manip/DM5.pm,4338,no,no,LEGACY,indirect-behavior-review,dm5-compatibility,,discovered-not-specified
Date::Manip::DM5,_Date_Easter,lib/Date/Manip/DM5.pm,4401,no,no,LEGACY,indirect-behavior-review,dm5-compatibility,,discovered-not-specified
Date::Manip::DM5,_Date_Recur_WoM,lib/Date/Manip/DM5.pm,4421,no,no,LEGACY,indirect-behavior-review,dm5-compatibility,,discovered-not-specified
Date::Manip::DM5,_Date_Recur,lib/Date/Manip/DM5.pm,4509,no,no,LEGACY,indirect-behavior-review,dm5-compatibility,,discovered-not-specified
Date::Manip::DM5,_Date_RecurSetTime,lib/Date/Manip/DM5.pm,4545,no,no,LEGACY,indirect-behavior-review,dm5-compatibility,,discovered-not-specified
Date::Manip::DM5,_DateCalc_DateDate,lib/Date/Manip/DM5.pm,4605,no,no,LEGACY,indirect-behavior-review,dm5-compatibility,,discovered-not-specified
Date::Manip::DM5,_DateCalc_DeltaDelta,lib/Date/Manip/DM5.pm,4791,no,no,LEGACY,indirect-behavior-review,dm5-compatibility,,discovered-not-specified
Date::Manip::DM5,_DateCalc_DateDelta,lib/Date/Manip/DM5.pm,4809,no,no,LEGACY,indirect-behavior-review,dm5-compatibility,,discovered-not-specified
Date::Manip::DM5,_Date_UpdateHolidays,lib/Date/Manip/DM5.pm,4963,no,no,LEGACY,indirect-behavior-review,dm5-compatibility,,discovered-not-specified
Date::Manip::DM5,_Date_SetConfigVariable,lib/Date/Manip/DM5.pm,5007,no,no,LEGACY,indirect-behavior-review,dm5-compatibility,,discovered-not-specified
Date::Manip::DM5,EraseHolidays,lib/Date/Manip/DM5.pm,5047,no,yes,CONFIG,unexported-review,dm5-compatibility,,discovered-not-specified
Date::Manip::DM5,_Events_Calc,lib/Date/Manip/DM5.pm,5064,no,no,LEGACY,indirect-behavior-review,dm5-compatibility,,discovered-not-specified
Date::Manip::DM5,_Events_ParseRaw,lib/Date/Manip/DM5.pm,5168,no,no,LEGACY,indirect-behavior-review,dm5-compatibility,,discovered-not-specified
Date::Manip::DM5,_Date_InitFile,lib/Date/Manip/DM5.pm,5283,no,no,LEGACY,indirect-behavior-review,dm5-compatibility,,discovered-not-specified
Date::Manip::DM5,_Date_TimeCheck,lib/Date/Manip/DM5.pm,5340,no,no,LEGACY,indirect-behavior-review,dm5-compatibility,,discovered-not-specified
Date::Manip::DM5,_Date_DateCheck,lib/Date/Manip/DM5.pm,5398,no,no,LEGACY,indirect-behavior-review,dm5-compatibility,,discovered-not-specified
Date::Manip::DM5,_Date_FixYear,lib/Date/Manip/DM5.pm,5442,no,no,LEGACY,indirect-behavior-review,dm5-compatibility,,discovered-not-specified
Date::Manip::DM5,_Date_NthWeekOfYear,lib/Date/Manip/DM5.pm,5487,no,no,LEGACY,indirect-behavior-review,dm5-compatibility,,discovered-not-specified
Date::Manip::DM5,_Char_8Bit,lib/Date/Manip/DM5.pm,5534,no,no,LEGACY,indirect-behavior-review,dm5-compatibility,,discovered-not-specified
Date::Manip::DM5,_Date_Init_English,lib/Date/Manip/DM5.pm,5843,no,no,LEGACY,indirect-behavior-review,dm5-compatibility,,discovered-not-specified
Date::Manip::DM5,_Date_Init_Italian,lib/Date/Manip/DM5.pm,5915,no,no,LEGACY,indirect-behavior-review,dm5-compatibility,,discovered-not-specified
Date::Manip::DM5,_Date_Init_French,lib/Date/Manip/DM5.pm,5986,no,no,LEGACY,indirect-behavior-review,dm5-compatibility,,discovered-not-specified
Date::Manip::DM5,_Date_Init_Romanian,lib/Date/Manip/DM5.pm,6063,no,no,LEGACY,indirect-behavior-review,dm5-compatibility,,discovered-not-specified
Date::Manip::DM5,_Date_Init_Swedish,lib/Date/Manip/DM5.pm,6180,no,no,LEGACY,indirect-behavior-review,dm5-compatibility,,discovered-not-specified
Date::Manip::DM5,_Date_Init_German,lib/Date/Manip/DM5.pm,6264,no,no,LEGACY,indirect-behavior-review,dm5-compatibility,,discovered-not-specified
Date::Manip::DM5,_Date_Init_Dutch,lib/Date/Manip/DM5.pm,6353,no,no,LEGACY,indirect-behavior-review,dm5-compatibility,,discovered-not-specified
Date::Manip::DM5,_Date_Init_Polish,lib/Date/Manip/DM5.pm,6445,no,no,LEGACY,indirect-behavior-review,dm5-compatibility,,discovered-not-specified
Date::Manip::DM5,_Date_Init_Spanish,lib/Date/Manip/DM5.pm,6544,no,no,LEGACY,indirect-behavior-review,dm5-compatibility,,discovered-not-specified
Date::Manip::DM5,_Date_Init_Portuguese,lib/Date/Manip/DM5.pm,6627,no,no,LEGACY,indirect-behavior-review,dm5-compatibility,,discovered-not-specified
Date::Manip::DM5,_Date_Init_Russian,lib/Date/Manip/DM5.pm,6723,no,no,LEGACY,indirect-behavior-review,dm5-compatibility,,discovered-not-specified
Date::Manip::DM5,_Date_Init_Turkish,lib/Date/Manip/DM5.pm,6911,no,no,LEGACY,indirect-behavior-review,dm5-compatibility,,discovered-not-specified
Date::Manip::DM5,_Date_Init_Danish,lib/Date/Manip/DM5.pm,7022,no,no,LEGACY,indirect-behavior-review,dm5-compatibility,,discovered-not-specified
Date::Manip::DM5,_Date_Init_Catalan,lib/Date/Manip/DM5.pm,7101,no,no,LEGACY,indirect-behavior-review,dm5-compatibility,,discovered-not-specified
Date::Manip::DM5,_ModuloAddition,lib/Date/Manip/DM5.pm,7207,no,no,LEGACY,indirect-behavior-review,dm5-compatibility,,discovered-not-specified
Date::Manip::DM5,_IsInt,lib/Date/Manip/DM5.pm,7238,no,no,LEGACY,indirect-behavior-review,dm5-compatibility,,discovered-not-specified
Date::Manip::DM5,_CleanFile,lib/Date/Manip/DM5.pm,7253,no,no,LEGACY,indirect-behavior-review,dm5-compatibility,,discovered-not-specified
Date::Manip::DM5,_ExpandTilde,lib/Date/Manip/DM5.pm,7274,no,no,LEGACY,indirect-behavior-review,dm5-compatibility,,discovered-not-specified
Date::Manip::DM5,_FullFilePath,lib/Date/Manip/DM5.pm,7305,no,no,LEGACY,indirect-behavior-review,dm5-compatibility,,discovered-not-specified
Date::Manip::DM5,_CheckFilePath,lib/Date/Manip/DM5.pm,7329,no,no,LEGACY,indirect-behavior-review,dm5-compatibility,,discovered-not-specified
Date::Manip::DM5,_FixPath,lib/Date/Manip/DM5.pm,7382,no,no,LEGACY,indirect-behavior-review,dm5-compatibility,,discovered-not-specified
Date::Manip::DM5,_SearchPath,lib/Date/Manip/DM5.pm,7431,no,no,LEGACY,indirect-behavior-review,dm5-compatibility,,discovered-not-specified
Date::Manip::DM5,_ReturnList,lib/Date/Manip/DM5.pm,7454,no,no,LEGACY,indirect-behavior-review,dm5-compatibility,,discovered-not-specified
Date::Manip::DM6,DateManipVersion,lib/Date/Manip/DM6.pm,81,yes,yes,META,public-candidate,dm6-reference,,discovered-not-specified
Date::Manip::DM6,Date_Init,lib/Date/Manip/DM6.pm,86,yes,yes,CONFIG,public-candidate,dm6-reference,,discovered-not-specified
Date::Manip::DM6,ParseDateString,lib/Date/Manip/DM6.pm,101,yes,yes,PARSE,public-candidate,dm6-reference,,discovered-not-specified
Date::Manip::DM6,ParseDateFormat,lib/Date/Manip/DM6.pm,110,yes,yes,PARSE,public-candidate,dm6-reference,,discovered-not-specified
Date::Manip::DM6,ParseDate,lib/Date/Manip/DM6.pm,119,yes,yes,PARSE,public-candidate,dm6-reference,,discovered-not-specified
Date::Manip::DM6,ParseDateDelta,lib/Date/Manip/DM6.pm,153,yes,yes,DELTA,public-candidate,dm6-reference,,discovered-not-specified
Date::Manip::DM6,UnixDate,lib/Date/Manip/DM6.pm,200,yes,yes,FORMAT,public-candidate,dm6-reference,,discovered-not-specified
Date::Manip::DM6,Delta_Format,lib/Date/Manip/DM6.pm,217,yes,yes,DELTA,public-candidate,dm6-reference,,discovered-not-specified
Date::Manip::DM6,_Delta_Format_old,lib/Date/Manip/DM6.pm,258,no,no,ADAPTER,indirect-behavior-review,dm6-reference,,discovered-not-specified
Date::Manip::DM6,DateCalc,lib/Date/Manip/DM6.pm,345,yes,yes,ARITH,public-candidate,dm6-reference,,discovered-not-specified
Date::Manip::DM6,Date_GetPrev,lib/Date/Manip/DM6.pm,480,yes,yes,NAVIGATE,public-candidate,dm6-reference,,discovered-not-specified
Date::Manip::DM6,Date_GetNext,lib/Date/Manip/DM6.pm,512,yes,yes,NAVIGATE,public-candidate,dm6-reference,,discovered-not-specified
Date::Manip::DM6,Date_SetTime,lib/Date/Manip/DM6.pm,544,yes,yes,FIELDS,public-candidate,dm6-reference,,discovered-not-specified
Date::Manip::DM6,Date_SetDateField,lib/Date/Manip/DM6.pm,563,yes,yes,FIELDS,public-candidate,dm6-reference,,discovered-not-specified
Date::Manip::DM6,Date_NextWorkDay,lib/Date/Manip/DM6.pm,574,yes,yes,BUSINESS,public-candidate,dm6-reference,,discovered-not-specified
Date::Manip::DM6,Date_PrevWorkDay,lib/Date/Manip/DM6.pm,583,yes,yes,BUSINESS,public-candidate,dm6-reference,,discovered-not-specified
Date::Manip::DM6,Date_NearestWorkDay,lib/Date/Manip/DM6.pm,592,yes,yes,BUSINESS,public-candidate,dm6-reference,,discovered-not-specified
Date::Manip::DM6,ParseRecur,lib/Date/Manip/DM6.pm,601,yes,yes,RECUR,public-candidate,dm6-reference,,discovered-not-specified
Date::Manip::DM6,Events_List,lib/Date/Manip/DM6.pm,657,yes,yes,EVENTS,public-candidate,dm6-reference,,discovered-not-specified
Date::Manip::DM6,Date_DayOfWeek,lib/Date/Manip/DM6.pm,760,yes,yes,CALENDAR,public-candidate,dm6-reference,,discovered-not-specified
Date::Manip::DM6,Date_SecsSince1970,lib/Date/Manip/DM6.pm,765,yes,yes,EPOCH,public-candidate,dm6-reference,,discovered-not-specified
Date::Manip::DM6,Date_SecsSince1970GMT,lib/Date/Manip/DM6.pm,770,yes,yes,EPOCH,public-candidate,dm6-reference,,discovered-not-specified
Date::Manip::DM6,Date_DaysSince1BC,lib/Date/Manip/DM6.pm,776,yes,yes,CALENDAR,public-candidate,dm6-reference,,discovered-not-specified
Date::Manip::DM6,Date_DayOfYear,lib/Date/Manip/DM6.pm,781,yes,yes,CALENDAR,public-candidate,dm6-reference,,discovered-not-specified
Date::Manip::DM6,Date_NthDayOfYear,lib/Date/Manip/DM6.pm,786,yes,yes,CALENDAR,public-candidate,dm6-reference,,discovered-not-specified
Date::Manip::DM6,Date_DaysInMonth,lib/Date/Manip/DM6.pm,793,yes,yes,CALENDAR,public-candidate,dm6-reference,,discovered-not-specified
Date::Manip::DM6,Date_DaysInYear,lib/Date/Manip/DM6.pm,798,yes,yes,CALENDAR,public-candidate,dm6-reference,,discovered-not-specified
Date::Manip::DM6,Date_WeekOfYear,lib/Date/Manip/DM6.pm,803,yes,yes,CALENDAR,public-candidate,dm6-reference,,discovered-not-specified
Date::Manip::DM6,Date_LeapYear,lib/Date/Manip/DM6.pm,814,yes,yes,CALENDAR,public-candidate,dm6-reference,,discovered-not-specified
Date::Manip::DM6,Date_DaySuffix,lib/Date/Manip/DM6.pm,819,yes,yes,FORMAT,public-candidate,dm6-reference,,discovered-not-specified
Date::Manip::DM6,Date_TimeZone,lib/Date/Manip/DM6.pm,824,yes,yes,ZONE,public-candidate,dm6-reference,,discovered-not-specified
Date::Manip::DM6,Date_ConvTZ,lib/Date/Manip/DM6.pm,829,yes,yes,ZONE,public-candidate,dm6-reference,,discovered-not-specified
Date::Manip::DM6,Date_IsWorkDay,lib/Date/Manip/DM6.pm,868,yes,yes,BUSINESS,public-candidate,dm6-reference,,discovered-not-specified
Date::Manip::DM6,Date_IsHoliday,lib/Date/Manip/DM6.pm,875,yes,yes,BUSINESS,public-candidate,dm6-reference,,discovered-not-specified
Date::Manip::DM6,Date_Cmp,lib/Date/Manip/DM6.pm,888,yes,yes,COMPARE,public-candidate,dm6-reference,,discovered-not-specified
Date::Manip::Date,is_date,lib/Date/Manip/Date.pm,38,no,yes,OBJECT,public-candidate,dm6-reference,,discovered-not-specified
Date::Manip::Date,_init,lib/Date/Manip/Date.pm,45,no,no,PARSE,indirect-behavior-review,dm6-reference,,discovered-not-specified
Date::Manip::Date,_init_args,lib/Date/Manip/Date.pm,80,no,no,PARSE,indirect-behavior-review,dm6-reference,,discovered-not-specified
Date::Manip::Date,input,lib/Date/Manip/Date.pm,88,no,yes,PARSE,public-candidate,dm6-reference,,discovered-not-specified
Date::Manip::Date,parse,lib/Date/Manip/Date.pm,97,no,yes,PARSE,public-candidate,dm6-reference,,discovered-not-specified
Date::Manip::Date,parse_time,lib/Date/Manip/Date.pm,375,no,yes,PARSE,public-candidate,dm6-reference,,discovered-not-specified
Date::Manip::Date,parse_date,lib/Date/Manip/Date.pm,409,no,yes,PARSE,public-candidate,dm6-reference,,discovered-not-specified
Date::Manip::Date,_parse_date,lib/Date/Manip/Date.pm,465,no,no,PARSE,indirect-behavior-review,dm6-reference,,discovered-not-specified
Date::Manip::Date,parse_format,lib/Date/Manip/Date.pm,546,no,yes,PARSE,public-candidate,dm6-reference,,discovered-not-specified
Date::Manip::Date,_format_regexp,lib/Date/Manip/Date.pm,711,no,no,PARSE,indirect-behavior-review,dm6-reference,,discovered-not-specified
Date::Manip::Date,_parse_rule,lib/Date/Manip/Date.pm,1002,no,no,PARSE,indirect-behavior-review,dm6-reference,,discovered-not-specified
Date::Manip::Date,_parse_check,lib/Date/Manip/Date.pm,1019,no,no,PARSE,indirect-behavior-review,dm6-reference,,discovered-not-specified
Date::Manip::Date,__parse_check,lib/Date/Manip/Date.pm,1116,no,no,PARSE,indirect-behavior-review,dm6-reference,,discovered-not-specified
Date::Manip::Date,_iso8601_rx,lib/Date/Manip/Date.pm,1161,no,no,PARSE,indirect-behavior-review,dm6-reference,,discovered-not-specified
Date::Manip::Date,_parse_datetime_iso8601,lib/Date/Manip/Date.pm,1322,no,no,PARSE,indirect-behavior-review,dm6-reference,,discovered-not-specified
Date::Manip::Date,_parse_date_iso8601,lib/Date/Manip/Date.pm,1353,no,no,PARSE,indirect-behavior-review,dm6-reference,,discovered-not-specified
Date::Manip::Date,_time,lib/Date/Manip/Date.pm,1384,no,no,PARSE,indirect-behavior-review,dm6-reference,,discovered-not-specified
Date::Manip::Date,_other_rx,lib/Date/Manip/Date.pm,1418,no,no,PARSE,indirect-behavior-review,dm6-reference,,discovered-not-specified
Date::Manip::Date,_parse_time,lib/Date/Manip/Date.pm,1756,no,no,PARSE,indirect-behavior-review,dm6-reference,,discovered-not-specified
Date::Manip::Date,_parse_date_common,lib/Date/Manip/Date.pm,1846,no,no,PARSE,indirect-behavior-review,dm6-reference,,discovered-not-specified
Date::Manip::Date,_parse_date_truncated,lib/Date/Manip/Date.pm,1893,no,no,PARSE,indirect-behavior-review,dm6-reference,,discovered-not-specified
Date::Manip::Date,_parse_tz,lib/Date/Manip/Date.pm,1943,no,no,PARSE,indirect-behavior-review,dm6-reference,,discovered-not-specified
Date::Manip::Date,_parse_dow,lib/Date/Manip/Date.pm,1956,no,no,PARSE,indirect-behavior-review,dm6-reference,,discovered-not-specified
Date::Manip::Date,_parse_holidays,lib/Date/Manip/Date.pm,1999,no,no,PARSE,indirect-behavior-review,dm6-reference,,discovered-not-specified
Date::Manip::Date,_parse_delta,lib/Date/Manip/Date.pm,2031,no,no,PARSE,indirect-behavior-review,dm6-reference,,discovered-not-specified
Date::Manip::Date,_parse_datetime_other,lib/Date/Manip/Date.pm,2101,no,no,PARSE,indirect-behavior-review,dm6-reference,,discovered-not-specified
Date::Manip::Date,_parse_date_other,lib/Date/Manip/Date.pm,2187,no,no,PARSE,indirect-behavior-review,dm6-reference,,discovered-not-specified
Date::Manip::Date,_def_date,lib/Date/Manip/Date.pm,2388,no,no,PARSE,indirect-behavior-review,dm6-reference,,discovered-not-specified
Date::Manip::Date,_def_date_doy,lib/Date/Manip/Date.pm,2446,no,no,PARSE,indirect-behavior-review,dm6-reference,,discovered-not-specified
Date::Manip::Date,_def_date_dow,lib/Date/Manip/Date.pm,2473,no,no,PARSE,indirect-behavior-review,dm6-reference,,discovered-not-specified
Date::Manip::Date,_def_time,lib/Date/Manip/Date.pm,2540,no,no,PARSE,indirect-behavior-review,dm6-reference,,discovered-not-specified
Date::Manip::Date,value,lib/Date/Manip/Date.pm,2607,no,yes,FIELDS,public-candidate,dm6-reference,,discovered-not-specified
Date::Manip::Date,cmp,lib/Date/Manip/Date.pm,2688,no,yes,COMPARE,public-candidate,dm6-reference,,discovered-not-specified
Date::Manip::Date,set,lib/Date/Manip/Date.pm,2719,no,yes,FIELDS,public-candidate,dm6-reference,,discovered-not-specified
Date::Manip::Date,prev,lib/Date/Manip/Date.pm,2943,no,yes,NAVIGATE,public-candidate,dm6-reference,,discovered-not-specified
Date::Manip::Date,next,lib/Date/Manip/Date.pm,2955,no,yes,NAVIGATE,public-candidate,dm6-reference,,discovered-not-specified
Date::Manip::Date,__next_prev,lib/Date/Manip/Date.pm,2967,no,no,PARSE,indirect-behavior-review,dm6-reference,,discovered-not-specified
Date::Manip::Date,calc,lib/Date/Manip/Date.pm,3145,no,yes,ARITH,public-candidate,dm6-reference,,discovered-not-specified
Date::Manip::Date,_calc_date_date,lib/Date/Manip/Date.pm,3159,no,no,PARSE,indirect-behavior-review,dm6-reference,,discovered-not-specified
Date::Manip::Date,__calc_date_date,lib/Date/Manip/Date.pm,3270,no,no,PARSE,indirect-behavior-review,dm6-reference,,discovered-not-specified
Date::Manip::Date,_calc_date_delta,lib/Date/Manip/Date.pm,3397,no,no,PARSE,indirect-behavior-review,dm6-reference,,discovered-not-specified
Date::Manip::Date,__calc_date_delta,lib/Date/Manip/Date.pm,3453,no,no,PARSE,indirect-behavior-review,dm6-reference,,discovered-not-specified
Date::Manip::Date,__calc_date_delta_inverse,lib/Date/Manip/Date.pm,3539,no,no,PARSE,indirect-behavior-review,dm6-reference,,discovered-not-specified
Date::Manip::Date,_cmp_date,lib/Date/Manip/Date.pm,3676,no,no,PARSE,indirect-behavior-review,dm6-reference,,discovered-not-specified
Date::Manip::Date,__calc_date_delta_approx,lib/Date/Manip/Date.pm,3685,no,no,PARSE,indirect-behavior-review,dm6-reference,,discovered-not-specified
Date::Manip::Date,__calc_date_delta_exact,lib/Date/Manip/Date.pm,3753,no,no,PARSE,indirect-behavior-review,dm6-reference,,discovered-not-specified
Date::Manip::Date,_calc_date_check_dst,lib/Date/Manip/Date.pm,3886,no,no,PARSE,indirect-behavior-review,dm6-reference,,discovered-not-specified
Date::Manip::Date,secs_since_1970_GMT,lib/Date/Manip/Date.pm,3943,no,yes,EPOCH,public-candidate,dm6-reference,,discovered-not-specified
Date::Manip::Date,week_of_year,lib/Date/Manip/Date.pm,3968,no,yes,CALENDAR,public-candidate,dm6-reference,,discovered-not-specified
Date::Manip::Date,complete,lib/Date/Manip/Date.pm,3990,no,yes,PARSE,public-candidate,dm6-reference,,discovered-not-specified
Date::Manip::Date,convert,lib/Date/Manip/Date.pm,4028,no,yes,ZONE,public-candidate,dm6-reference,,discovered-not-specified
Date::Manip::Date,is_business_day,lib/Date/Manip/Date.pm,4069,no,yes,BUSINESS,public-candidate,dm6-reference,,discovered-not-specified
Date::Manip::Date,__is_business_day,lib/Date/Manip/Date.pm,4079,no,no,PARSE,indirect-behavior-review,dm6-reference,,discovered-not-specified
Date::Manip::Date,list_holidays,lib/Date/Manip/Date.pm,4119,no,yes,BUSINESS,public-candidate,dm6-reference,,discovered-not-specified
Date::Manip::Date,holiday,lib/Date/Manip/Date.pm,4144,no,yes,BUSINESS,public-candidate,dm6-reference,,discovered-not-specified
Date::Manip::Date,next_business_day,lib/Date/Manip/Date.pm,4178,no,yes,BUSINESS,public-candidate,dm6-reference,,discovered-not-specified
Date::Manip::Date,prev_business_day,lib/Date/Manip/Date.pm,4191,no,yes,BUSINESS,public-candidate,dm6-reference,,discovered-not-specified
Date::Manip::Date,__nextprev_business_day,lib/Date/Manip/Date.pm,4204,no,no,PARSE,indirect-behavior-review,dm6-reference,,discovered-not-specified
Date::Manip::Date,nearest_business_day,lib/Date/Manip/Date.pm,4243,no,yes,BUSINESS,public-candidate,dm6-reference,,discovered-not-specified
Date::Manip::Date,__nearest_business_day,lib/Date/Manip/Date.pm,4262,no,no,PARSE,indirect-behavior-review,dm6-reference,,discovered-not-specified
Date::Manip::Date,_holiday_objs,lib/Date/Manip/Date.pm,4303,no,no,PARSE,indirect-behavior-review,dm6-reference,,discovered-not-specified
Date::Manip::Date,_holidays,lib/Date/Manip/Date.pm,4389,no,no,PARSE,indirect-behavior-review,dm6-reference,,discovered-not-specified
Date::Manip::Date,printf,lib/Date/Manip/Date.pm,4494,no,yes,FORMAT,public-candidate,dm6-reference,,discovered-not-specified
Date::Manip::Date,list_events,lib/Date/Manip/Date.pm,4860,no,yes,EVENTS,public-candidate,dm6-reference,,discovered-not-specified
Date::Manip::Date,_events_year,lib/Date/Manip/Date.pm,5044,no,no,PARSE,indirect-behavior-review,dm6-reference,,discovered-not-specified
Date::Manip::Date,_event_objs,lib/Date/Manip/Date.pm,5107,no,no,PARSE,indirect-behavior-review,dm6-reference,,discovered-not-specified
Date::Manip::Delta,is_delta,lib/Date/Manip/Delta.pm,36,no,yes,OBJECT,public-candidate,dm6-reference,,discovered-not-specified
Date::Manip::Delta,config,lib/Date/Manip/Delta.pm,40,no,yes,CONFIG,public-candidate,dm6-reference,,discovered-not-specified
Date::Manip::Delta,_init,lib/Date/Manip/Delta.pm,52,no,no,DELTA,indirect-behavior-review,dm6-reference,,discovered-not-specified
Date::Manip::Delta,_init_args,lib/Date/Manip/Delta.pm,81,no,no,DELTA,indirect-behavior-review,dm6-reference,,discovered-not-specified
Date::Manip::Delta,value,lib/Date/Manip/Delta.pm,88,no,yes,DELTA,public-candidate,dm6-reference,,discovered-not-specified
Date::Manip::Delta,input,lib/Date/Manip/Delta.pm,115,no,yes,DELTA,public-candidate,dm6-reference,,discovered-not-specified
Date::Manip::Delta,set,lib/Date/Manip/Delta.pm,127,no,yes,DELTA,public-candidate,dm6-reference,,discovered-not-specified
Date::Manip::Delta,_rx,lib/Date/Manip/Delta.pm,316,no,no,DELTA,indirect-behavior-review,dm6-reference,,discovered-not-specified
Date::Manip::Delta,parse,lib/Date/Manip/Delta.pm,364,no,yes,DELTA,public-candidate,dm6-reference,,discovered-not-specified
Date::Manip::Delta,printf,lib/Date/Manip/Delta.pm,543,no,yes,DELTA,public-candidate,dm6-reference,,discovered-not-specified
Date::Manip::Delta,_printf_delta,lib/Date/Manip/Delta.pm,654,no,no,DELTA,indirect-behavior-review,dm6-reference,,discovered-not-specified
Date::Manip::Delta,_printf_field,lib/Date/Manip/Delta.pm,788,no,no,DELTA,indirect-behavior-review,dm6-reference,,discovered-not-specified
Date::Manip::Delta,_printf_field_val,lib/Date/Manip/Delta.pm,845,no,no,DELTA,indirect-behavior-review,dm6-reference,,discovered-not-specified
Date::Manip::Delta,type,lib/Date/Manip/Delta.pm,910,no,yes,DELTA,public-candidate,dm6-reference,,discovered-not-specified
Date::Manip::Delta,calc,lib/Date/Manip/Delta.pm,922,no,yes,ARITH,public-candidate,dm6-reference,,discovered-not-specified
Date::Manip::Delta,__type_max,lib/Date/Manip/Delta.pm,949,no,no,DELTA,indirect-behavior-review,dm6-reference,,discovered-not-specified
Date::Manip::Delta,_calc_delta_delta,lib/Date/Manip/Delta.pm,958,no,no,DELTA,indirect-behavior-review,dm6-reference,,discovered-not-specified
Date::Manip::Delta,convert,lib/Date/Manip/Delta.pm,1023,no,yes,DELTA,public-candidate,dm6-reference,,discovered-not-specified
Date::Manip::Delta,cmp,lib/Date/Manip/Delta.pm,1109,no,yes,COMPARE,public-candidate,dm6-reference,,discovered-not-specified
Date::Manip::Obj,new,lib/Date/Manip/Obj.pm,31,no,yes,OBJECT,public-candidate,dm6-reference,,discovered-not-specified
Date::Manip::Obj,_clone,lib/Date/Manip/Obj.pm,166,no,no,OBJECT,indirect-behavior-review,dm6-reference,,discovered-not-specified
Date::Manip::Obj,_init_args,lib/Date/Manip/Obj.pm,205,no,no,OBJECT,indirect-behavior-review,dm6-reference,,discovered-not-specified
Date::Manip::Obj,_init_final,lib/Date/Manip/Obj.pm,214,no,no,OBJECT,indirect-behavior-review,dm6-reference,,discovered-not-specified
Date::Manip::Obj,new_config,lib/Date/Manip/Obj.pm,219,no,yes,OBJECT,public-candidate,dm6-reference,,discovered-not-specified
Date::Manip::Obj,new_date,lib/Date/Manip/Obj.pm,232,no,yes,OBJECT,public-candidate,dm6-reference,,discovered-not-specified
Date::Manip::Obj,new_delta,lib/Date/Manip/Obj.pm,237,no,yes,OBJECT,public-candidate,dm6-reference,,discovered-not-specified
Date::Manip::Obj,new_recur,lib/Date/Manip/Obj.pm,242,no,yes,OBJECT,public-candidate,dm6-reference,,discovered-not-specified
Date::Manip::Obj,base,lib/Date/Manip/Obj.pm,248,no,yes,OBJECT,public-candidate,dm6-reference,,discovered-not-specified
Date::Manip::Obj,tz,lib/Date/Manip/Obj.pm,261,no,yes,OBJECT,public-candidate,dm6-reference,,discovered-not-specified
Date::Manip::Obj,config,lib/Date/Manip/Obj.pm,273,no,yes,CONFIG,public-candidate,dm6-reference,,discovered-not-specified
Date::Manip::Obj,get_config,lib/Date/Manip/Obj.pm,292,no,yes,CONFIG,public-candidate,dm6-reference,,discovered-not-specified
Date::Manip::Obj,err,lib/Date/Manip/Obj.pm,331,no,yes,ERROR,public-candidate,dm6-reference,,discovered-not-specified
Date::Manip::Obj,is_date,lib/Date/Manip/Obj.pm,341,no,yes,OBJECT,public-candidate,dm6-reference,,discovered-not-specified
Date::Manip::Obj,is_delta,lib/Date/Manip/Obj.pm,344,no,yes,OBJECT,public-candidate,dm6-reference,,discovered-not-specified
Date::Manip::Obj,is_recur,lib/Date/Manip/Obj.pm,347,no,yes,OBJECT,public-candidate,dm6-reference,,discovered-not-specified
Date::Manip::Obj,version,lib/Date/Manip/Obj.pm,351,no,yes,META,public-candidate,dm6-reference,,discovered-not-specified
Date::Manip::Recur,is_recur,lib/Date/Manip/Recur.pm,36,no,yes,OBJECT,public-candidate,dm6-reference,,discovered-not-specified
Date::Manip::Recur,_init,lib/Date/Manip/Recur.pm,43,no,no,RECUR,indirect-behavior-review,dm6-reference,,discovered-not-specified
Date::Manip::Recur,_init_dates,lib/Date/Manip/Recur.pm,151,no,no,RECUR,indirect-behavior-review,dm6-reference,,discovered-not-specified
Date::Manip::Recur,_init_args,lib/Date/Manip/Recur.pm,165,no,no,RECUR,indirect-behavior-review,dm6-reference,,discovered-not-specified
Date::Manip::Recur,parse,lib/Date/Manip/Recur.pm,176,no,yes,RECUR,public-candidate,dm6-reference,,discovered-not-specified
Date::Manip::Recur,frequency,lib/Date/Manip/Recur.pm,298,no,yes,RECUR,public-candidate,dm6-reference,,discovered-not-specified
Date::Manip::Recur,_frequency_values,lib/Date/Manip/Recur.pm,577,no,no,RECUR,indirect-behavior-review,dm6-reference,,discovered-not-specified
Date::Manip::Recur,_parse_lang,lib/Date/Manip/Recur.pm,652,no,no,RECUR,indirect-behavior-review,dm6-reference,,discovered-not-specified
Date::Manip::Recur,_date,lib/Date/Manip/Recur.pm,766,no,no,RECUR,indirect-behavior-review,dm6-reference,,discovered-not-specified
Date::Manip::Recur,start,lib/Date/Manip/Recur.pm,791,no,yes,RECUR,public-candidate,dm6-reference,,discovered-not-specified
Date::Manip::Recur,end,lib/Date/Manip/Recur.pm,800,no,yes,RECUR,public-candidate,dm6-reference,,discovered-not-specified
Date::Manip::Recur,basedate,lib/Date/Manip/Recur.pm,808,no,yes,RECUR,public-candidate,dm6-reference,,discovered-not-specified
Date::Manip::Recur,modifiers,lib/Date/Manip/Recur.pm,816,no,yes,RECUR,public-candidate,dm6-reference,,discovered-not-specified
Date::Manip::Recur,nth,lib/Date/Manip/Recur.pm,848,no,yes,RECUR,public-candidate,dm6-reference,,discovered-not-specified
Date::Manip::Recur,next,lib/Date/Manip/Recur.pm,891,no,yes,RECUR,public-candidate,dm6-reference,,discovered-not-specified
Date::Manip::Recur,prev,lib/Date/Manip/Recur.pm,943,no,yes,RECUR,public-candidate,dm6-reference,,discovered-not-specified
Date::Manip::Recur,dates,lib/Date/Manip/Recur.pm,996,no,yes,RECUR,public-candidate,dm6-reference,,discovered-not-specified
Date::Manip::Recur,_error,lib/Date/Manip/Recur.pm,1076,no,no,RECUR,indirect-behavior-review,dm6-reference,,discovered-not-specified
Date::Manip::Recur,_actual_base,lib/Date/Manip/Recur.pm,1189,no,no,RECUR,indirect-behavior-review,dm6-reference,,discovered-not-specified
Date::Manip::Recur,_rx,lib/Date/Manip/Recur.pm,1259,no,no,RECUR,indirect-behavior-review,dm6-reference,,discovered-not-specified
Date::Manip::Recur,_apply_rtime_mods,lib/Date/Manip/Recur.pm,1391,no,no,RECUR,indirect-behavior-review,dm6-reference,,discovered-not-specified
Date::Manip::Recur,_nth_interval,lib/Date/Manip/Recur.pm,1854,no,no,RECUR,indirect-behavior-review,dm6-reference,,discovered-not-specified
Date::Manip::Recur,_locate_n,lib/Date/Manip/Recur.pm,1957,no,no,RECUR,indirect-behavior-review,dm6-reference,,discovered-not-specified
Date::Manip::Recur,_easter,lib/Date/Manip/Recur.pm,2448,no,no,RECUR,indirect-behavior-review,dm6-reference,,discovered-not-specified
Date::Manip::Recur,_field_empty,lib/Date/Manip/Recur.pm,2465,no,no,RECUR,indirect-behavior-review,dm6-reference,,discovered-not-specified
Date::Manip::Recur,_rtime_values,lib/Date/Manip/Recur.pm,2498,no,no,RECUR,indirect-behavior-review,dm6-reference,,discovered-not-specified
Date::Manip::Recur,__rtime_values,lib/Date/Manip/Recur.pm,2620,no,no,RECUR,indirect-behavior-review,dm6-reference,,discovered-not-specified
Date::Manip::Recur,_field_add_values,lib/Date/Manip/Recur.pm,2695,no,no,RECUR,indirect-behavior-review,dm6-reference,,discovered-not-specified
Date::Manip::TZ,_init,lib/Date/Manip/TZ.pm,50,no,no,ZONE,indirect-behavior-review,dm6-reference,,discovered-not-specified
Date::Manip::TZ,_init_final,lib/Date/Manip/TZ.pm,156,no,no,ZONE,indirect-behavior-review,dm6-reference,,discovered-not-specified
Date::Manip::TZ,_offmod,lib/Date/Manip/TZ.pm,165,no,no,ZONE,indirect-behavior-review,dm6-reference,,discovered-not-specified
Date::Manip::TZ,_module,lib/Date/Manip/TZ.pm,178,no,no,ZONE,indirect-behavior-review,dm6-reference,,discovered-not-specified
Date::Manip::TZ,_zone,lib/Date/Manip/TZ.pm,199,no,no,ZONE,indirect-behavior-review,dm6-reference,,discovered-not-specified
Date::Manip::TZ,tzdata,lib/Date/Manip/TZ.pm,212,no,yes,META,public-candidate,dm6-reference,,discovered-not-specified
Date::Manip::TZ,tzcode,lib/Date/Manip/TZ.pm,217,no,yes,META,public-candidate,dm6-reference,,discovered-not-specified
Date::Manip::TZ,define_alias,lib/Date/Manip/TZ.pm,222,no,yes,ZONE,public-candidate,dm6-reference,,discovered-not-specified
Date::Manip::TZ,define_abbrev,lib/Date/Manip/TZ.pm,245,no,yes,ZONE,public-candidate,dm6-reference,,discovered-not-specified
Date::Manip::TZ,define_offset,lib/Date/Manip/TZ.pm,283,no,yes,ZONE,public-candidate,dm6-reference,,discovered-not-specified
Date::Manip::TZ,curr_zone,lib/Date/Manip/TZ.pm,367,no,yes,ZONE,public-candidate,dm6-reference,,discovered-not-specified
Date::Manip::TZ,curr_zone_methods,lib/Date/Manip/TZ.pm,379,no,yes,ZONE,public-candidate,dm6-reference,,discovered-not-specified
Date::Manip::TZ,_set_curr_zone,lib/Date/Manip/TZ.pm,390,no,no,ZONE,indirect-behavior-review,dm6-reference,,discovered-not-specified
Date::Manip::TZ,_get_curr_zone,lib/Date/Manip/TZ.pm,401,no,no,ZONE,indirect-behavior-review,dm6-reference,,discovered-not-specified
Date::Manip::TZ,_get_zoneinfo_zone,lib/Date/Manip/TZ.pm,713,no,no,ZONE,indirect-behavior-review,dm6-reference,,discovered-not-specified
Date::Manip::TZ,_zoneinfo_find_file,lib/Date/Manip/TZ.pm,753,no,no,ZONE,indirect-behavior-review,dm6-reference,,discovered-not-specified
Date::Manip::TZ,_zoneinfo_file_name_to_zone,lib/Date/Manip/TZ.pm,764,no,no,ZONE,indirect-behavior-review,dm6-reference,,discovered-not-specified
Date::Manip::TZ,_zoneinfo_file_slurp,lib/Date/Manip/TZ.pm,773,no,no,ZONE,indirect-behavior-review,dm6-reference,,discovered-not-specified
Date::Manip::TZ,_windows_registry_val,lib/Date/Manip/TZ.pm,782,no,no,ZONE,indirect-behavior-review,dm6-reference,,discovered-not-specified
Date::Manip::TZ,_cmd,lib/Date/Manip/TZ.pm,846,no,no,ZONE,indirect-behavior-review,dm6-reference,,discovered-not-specified
Date::Manip::TZ,zone,lib/Date/Manip/TZ.pm,861,no,yes,ZONE,public-candidate,dm6-reference,,discovered-not-specified
Date::Manip::TZ,__zone,lib/Date/Manip/TZ.pm,934,no,no,ZONE,indirect-behavior-review,dm6-reference,,discovered-not-specified
Date::Manip::TZ,_check_abbrev_isdst,lib/Date/Manip/TZ.pm,1116,no,no,ZONE,indirect-behavior-review,dm6-reference,,discovered-not-specified
Date::Manip::TZ,_check_offset_abbrev_isdst,lib/Date/Manip/TZ.pm,1142,no,no,ZONE,indirect-behavior-review,dm6-reference,,discovered-not-specified
Date::Manip::TZ,_list_union,lib/Date/Manip/TZ.pm,1168,no,no,ZONE,indirect-behavior-review,dm6-reference,,discovered-not-specified
Date::Manip::TZ,_list_add,lib/Date/Manip/TZ.pm,1181,no,no,ZONE,indirect-behavior-review,dm6-reference,,discovered-not-specified
Date::Manip::TZ,all_periods,lib/Date/Manip/TZ.pm,1197,no,yes,ZONE,public-candidate,dm6-reference,,discovered-not-specified
Date::Manip::TZ,_all_periods,lib/Date/Manip/TZ.pm,1221,no,no,ZONE,indirect-behavior-review,dm6-reference,,discovered-not-specified
Date::Manip::TZ,periods,lib/Date/Manip/TZ.pm,1279,no,yes,ZONE,public-candidate,dm6-reference,,discovered-not-specified
Date::Manip::TZ,_periods,lib/Date/Manip/TZ.pm,1318,no,no,ZONE,indirect-behavior-review,dm6-reference,,discovered-not-specified
Date::Manip::TZ,date_period,lib/Date/Manip/TZ.pm,1343,no,yes,ZONE,public-candidate,dm6-reference,,discovered-not-specified
Date::Manip::TZ,_lastrule,lib/Date/Manip/TZ.pm,1425,no,no,ZONE,indirect-behavior-review,dm6-reference,,discovered-not-specified
Date::Manip::TZ,convert,lib/Date/Manip/TZ.pm,1502,no,yes,ZONE,public-candidate,dm6-reference,,discovered-not-specified
Date::Manip::TZ,convert_to_gmt,lib/Date/Manip/TZ.pm,1507,no,yes,ZONE,public-candidate,dm6-reference,,discovered-not-specified
Date::Manip::TZ,convert_from_gmt,lib/Date/Manip/TZ.pm,1520,no,yes,ZONE,public-candidate,dm6-reference,,discovered-not-specified
Date::Manip::TZ,convert_to_local,lib/Date/Manip/TZ.pm,1533,no,yes,ZONE,public-candidate,dm6-reference,,discovered-not-specified
Date::Manip::TZ,convert_from_local,lib/Date/Manip/TZ.pm,1546,no,yes,ZONE,public-candidate,dm6-reference,,discovered-not-specified
Date::Manip::TZ,_convert_args,lib/Date/Manip/TZ.pm,1559,no,no,ZONE,indirect-behavior-review,dm6-reference,,discovered-not-specified
Date::Manip::TZ,_convert,lib/Date/Manip/TZ.pm,1578,no,no,ZONE,indirect-behavior-review,dm6-reference,,discovered-not-specified
Date::Manip::TZ,_zrx,lib/Date/Manip/TZ.pm,1664,no,no,ZONE,indirect-behavior-review,dm6-reference,,discovered-not-specified
Date::Manip::TZ,_sortByLength,lib/Date/Manip/TZ.pm,1746,no,no,ZONE,indirect-behavior-review,dm6-reference,,discovered-not-specified
Date::Manip::TZ,_config_var_tz,lib/Date/Manip/TZ.pm,1758,no,no,ZONE,indirect-behavior-review,dm6-reference,,discovered-not-specified
Date::Manip::TZ,_config_var_setdate,lib/Date/Manip/TZ.pm,1789,no,no,ZONE,indirect-behavior-review,dm6-reference,,discovered-not-specified
Date::Manip::TZ_Base,_config_var,lib/Date/Manip/TZ_Base.pm,23,no,no,ZONE,indirect-behavior-review,dm6-reference,,discovered-not-specified
Date::Manip::TZ_Base,_config_file,lib/Date/Manip/TZ_Base.pm,51,no,no,ZONE,indirect-behavior-review,dm6-reference,,discovered-not-specified
Date::Manip::TZ_Base,_config_file_section,lib/Date/Manip/TZ_Base.pm,120,no,no,ZONE,indirect-behavior-review,dm6-reference,,discovered-not-specified
Date::Manip::TZ_Base,_config_file_var,lib/Date/Manip/TZ_Base.pm,136,no,no,ZONE,indirect-behavior-review,dm6-reference,,discovered-not-specified
Date::Manip::TZ_Base,_config,lib/Date/Manip/TZ_Base.pm,163,no,no,ZONE,indirect-behavior-review,dm6-reference,,discovered-not-specified
Date::Manip::TZ_Base,_fix_year,lib/Date/Manip/TZ_Base.pm,191,no,no,ZONE,indirect-behavior-review,dm6-reference,,discovered-not-specified
Date::Manip::TZ_Base,_now,lib/Date/Manip/TZ_Base.pm,272,no,no,ZONE,indirect-behavior-review,dm6-reference,,discovered-not-specified
Date::Manip::TZ_Base,_update_now,lib/Date/Manip/TZ_Base.pm,344,no,no,ZONE,indirect-behavior-review,dm6-reference,,discovered-not-specified
Date::Manip::TZ_Base,_sortByLength,lib/Date/Manip/TZ_Base.pm,406,no,no,ZONE,indirect-behavior-review,dm6-reference,,discovered-not-specified
Date::Manip::TZdata,new,lib/Date/Manip/TZdata.pm,85,no,yes,TOOLING,internal-generator,dm6-reference,,discovered-not-specified
Date::Manip::TZdata,_ruleInfo,lib/Date/Manip/TZdata.pm,134,no,no,TOOLING,internal-generator,dm6-reference,,discovered-not-specified
Date::Manip::TZdata,_zoneInfo,lib/Date/Manip/TZdata.pm,254,no,no,TOOLING,internal-generator,dm6-reference,,discovered-not-specified
Date::Manip::TZdata,_tzd_ParseFiles,lib/Date/Manip/TZdata.pm,338,no,no,TOOLING,internal-generator,dm6-reference,,discovered-not-specified
Date::Manip::TZdata,_tzd_ParseFile,lib/Date/Manip/TZdata.pm,351,no,no,TOOLING,internal-generator,dm6-reference,,discovered-not-specified
Date::Manip::TZdata,_tzd_ParseLink,lib/Date/Manip/TZdata.pm,398,no,no,TOOLING,internal-generator,dm6-reference,,discovered-not-specified
Date::Manip::TZdata,_tzd_ParseRule,lib/Date/Manip/TZdata.pm,420,no,no,TOOLING,internal-generator,dm6-reference,,discovered-not-specified
Date::Manip::TZdata,_tzd_ParseZone,lib/Date/Manip/TZdata.pm,438,no,no,TOOLING,internal-generator,dm6-reference,,discovered-not-specified
Date::Manip::TZdata,_tzd_CheckData,lib/Date/Manip/TZdata.pm,492,no,no,TOOLING,internal-generator,dm6-reference,,discovered-not-specified
Date::Manip::TZdata,_tzd_Alias,lib/Date/Manip/TZdata.pm,504,no,no,TOOLING,internal-generator,dm6-reference,,discovered-not-specified
Date::Manip::TZdata,_tzd_DeleteAlias,lib/Date/Manip/TZdata.pm,519,no,no,TOOLING,internal-generator,dm6-reference,,discovered-not-specified
Date::Manip::TZdata,_tzd_AliasKeys,lib/Date/Manip/TZdata.pm,524,no,no,TOOLING,internal-generator,dm6-reference,,discovered-not-specified
Date::Manip::TZdata,_tzd_CheckAliases,lib/Date/Manip/TZdata.pm,540,no,no,TOOLING,internal-generator,dm6-reference,,discovered-not-specified
Date::Manip::TZdata,_tzd_Rule,lib/Date/Manip/TZdata.pm,584,no,no,TOOLING,internal-generator,dm6-reference,,discovered-not-specified
Date::Manip::TZdata,_tzd_DeleteRule,lib/Date/Manip/TZdata.pm,601,no,no,TOOLING,internal-generator,dm6-reference,,discovered-not-specified
Date::Manip::TZdata,_tzd_RuleNames,lib/Date/Manip/TZdata.pm,606,no,no,TOOLING,internal-generator,dm6-reference,,discovered-not-specified
Date::Manip::TZdata,_tzd_CheckRules,lib/Date/Manip/TZdata.pm,611,no,no,TOOLING,internal-generator,dm6-reference,,discovered-not-specified
Date::Manip::TZdata,_rule_DOM,lib/Date/Manip/TZdata.pm,697,no,no,TOOLING,internal-generator,dm6-reference,,discovered-not-specified
Date::Manip::TZdata,_rule_Month,lib/Date/Manip/TZdata.pm,734,no,no,TOOLING,internal-generator,dm6-reference,,discovered-not-specified
Date::Manip::TZdata,_rule_Time,lib/Date/Manip/TZdata.pm,753,no,no,TOOLING,internal-generator,dm6-reference,,discovered-not-specified
Date::Manip::TZdata,_rule_From,lib/Date/Manip/TZdata.pm,792,no,no,TOOLING,internal-generator,dm6-reference,,discovered-not-specified
Date::Manip::TZdata,_rule_To,lib/Date/Manip/TZdata.pm,806,no,no,TOOLING,internal-generator,dm6-reference,,discovered-not-specified
Date::Manip::TZdata,_rule_Type,lib/Date/Manip/TZdata.pm,822,no,no,TOOLING,internal-generator,dm6-reference,,discovered-not-specified
Date::Manip::TZdata,_rule_In,lib/Date/Manip/TZdata.pm,833,no,no,TOOLING,internal-generator,dm6-reference,,discovered-not-specified
Date::Manip::TZdata,_rule_On,lib/Date/Manip/TZdata.pm,847,no,no,TOOLING,internal-generator,dm6-reference,,discovered-not-specified
Date::Manip::TZdata,_rule_At,lib/Date/Manip/TZdata.pm,860,no,no,TOOLING,internal-generator,dm6-reference,,discovered-not-specified
Date::Manip::TZdata,_rule_Save,lib/Date/Manip/TZdata.pm,871,no,no,TOOLING,internal-generator,dm6-reference,,discovered-not-specified
Date::Manip::TZdata,_rule_Letters,lib/Date/Manip/TZdata.pm,883,no,no,TOOLING,internal-generator,dm6-reference,,discovered-not-specified
Date::Manip::TZdata,_tzd_Zone,lib/Date/Manip/TZdata.pm,896,no,no,TOOLING,internal-generator,dm6-reference,,discovered-not-specified
Date::Manip::TZdata,_tzd_DeleteZone,lib/Date/Manip/TZdata.pm,913,no,no,TOOLING,internal-generator,dm6-reference,,discovered-not-specified
Date::Manip::TZdata,_tzd_ZoneKeys,lib/Date/Manip/TZdata.pm,920,no,no,TOOLING,internal-generator,dm6-reference,,discovered-not-specified
Date::Manip::TZdata,_tzd_CheckZones,lib/Date/Manip/TZdata.pm,925,no,no,TOOLING,internal-generator,dm6-reference,,discovered-not-specified
Date::Manip::TZdata,_zone_GMTOff,lib/Date/Manip/TZdata.pm,1033,no,no,TOOLING,internal-generator,dm6-reference,,discovered-not-specified
Date::Manip::TZdata,_zone_Rule,lib/Date/Manip/TZdata.pm,1044,no,no,TOOLING,internal-generator,dm6-reference,,discovered-not-specified
Date::Manip::TZdata,_zone_Format,lib/Date/Manip/TZdata.pm,1057,no,no,TOOLING,internal-generator,dm6-reference,,discovered-not-specified
Date::Manip::TZdata,_zone_Until,lib/Date/Manip/TZdata.pm,1063,no,no,TOOLING,internal-generator,dm6-reference,,discovered-not-specified
Date::Manip::TZdata,_tzd_ZoneLines,lib/Date/Manip/TZdata.pm,1189,no,no,TOOLING,internal-generator,dm6-reference,,discovered-not-specified
Date::Manip::TZdata,_tzd_ParseRuleDate,lib/Date/Manip/TZdata.pm,1318,no,no,TOOLING,internal-generator,dm6-reference,,discovered-not-specified
